album_number,name,photos,pages,link
3,Amy Adams,1029,10,https://hqdiesel.net/thumbnails.php?album=3
6,Adele,98,1,https://hqdiesel.net/thumbnails.php?album=6
29,Halle Berry,333,4,https://hqdiesel.net/thumbnails.php?album=29
60,Lindsay Lohan,850,9,https://hqdiesel.net/thumbnails.php?album=60
63,Milla Jovovich,775,8,https://hqdiesel.net/thumbnails.php?album=63
67,Madonna,197,2,https://hqdiesel.net/thumbnails.php?album=67
89,Abbie Cornish,48,1,https://hqdiesel.net/thumbnails.php?album=89
96,Porcelain Black,32,1,https://hqdiesel.net/thumbnails.php?album=96
98,Jennifer Lopez,1306,13,https://hqdiesel.net/thumbnails.php?album=98
125,Amy Lee,124,2,https://hqdiesel.net/thumbnails.php?album=125
126,Lana del Rey,679,7,https://hqdiesel.net/thumbnails.php?album=126
127,AnahГ­,167,2,https://hqdiesel.net/thumbnails.php?album=127
129,Anna Paquin,24,1,https://hqdiesel.net/thumbnails.php?album=129
134,Rihanna,1807,18,https://hqdiesel.net/thumbnails.php?album=134
135,BeyoncГ©,359,4,https://hqdiesel.net/thumbnails.php?album=135
139,Ashlee Simpson,152,2,https://hqdiesel.net/thumbnails.php?album=139
148,Zoe Saldana,45,1,https://hqdiesel.net/thumbnails.php?album=148
149,Kirsten Dunst,93,1,https://hqdiesel.net/thumbnails.php?album=149
150,Anna Popplewell,15,1,https://hqdiesel.net/thumbnails.php?album=150
152,Bonnie Wright,70,1,https://hqdiesel.net/thumbnails.php?album=152
158,Keira Knightley,1064,11,https://hqdiesel.net/thumbnails.php?album=158
160,Cameron Diaz,383,4,https://hqdiesel.net/thumbnails.php?album=160
181,Catherine Zeta-Jones,179,2,https://hqdiesel.net/thumbnails.php?album=181
203,Emily Osment,111,2,https://hqdiesel.net/thumbnails.php?album=203
209,Hilary Swank,29,1,https://hqdiesel.net/thumbnails.php?album=209
210,Leona Lewis,96,1,https://hqdiesel.net/thumbnails.php?album=210
222,Anna Faris,141,2,https://hqdiesel.net/thumbnails.php?album=222
224,Jessica Biel,191,2,https://hqdiesel.net/thumbnails.php?album=224
228,Birdy,101,1,https://hqdiesel.net/thumbnails.php?album=228
239,Olga Kurylenko,396,4,https://hqdiesel.net/thumbnails.php?album=239
241,Simone Simons,67,1,https://hqdiesel.net/thumbnails.php?album=241
243,Dulce MarГ­a,338,4,https://hqdiesel.net/thumbnails.php?album=243
262,Pink,322,4,https://hqdiesel.net/thumbnails.php?album=262
265,Kristin Cavallari,50,1,https://hqdiesel.net/thumbnails.php?album=265
282,Alexandra Stan,40,1,https://hqdiesel.net/thumbnails.php?album=282
288,Naya Rivera,124,2,https://hqdiesel.net/thumbnails.php?album=288
290,Abigail Breslin,74,1,https://hqdiesel.net/thumbnails.php?album=290
297,Vanessa Hudgens,645,7,https://hqdiesel.net/thumbnails.php?album=297
305,Dianna Agron,462,5,https://hqdiesel.net/thumbnails.php?album=305
313,Alexandra Daddario,179,2,https://hqdiesel.net/thumbnails.php?album=313
319,Alexis Bledel,61,1,https://hqdiesel.net/thumbnails.php?album=319
326,Alison Brie,189,2,https://hqdiesel.net/thumbnails.php?album=326
327,Emily Browning,128,2,https://hqdiesel.net/thumbnails.php?album=327
329,Alyson Michalka,76,1,https://hqdiesel.net/thumbnails.php?album=329
334,Alyssa Milano,40,1,https://hqdiesel.net/thumbnails.php?album=334
339,Amanda Bynes,35,1,https://hqdiesel.net/thumbnails.php?album=339
343,Amanda Michalka,22,1,https://hqdiesel.net/thumbnails.php?album=343
347,Amanda Seyfried,268,3,https://hqdiesel.net/thumbnails.php?album=347
350,Kaya Scodelario,280,3,https://hqdiesel.net/thumbnails.php?album=350
351,Jessie J,142,2,https://hqdiesel.net/thumbnails.php?album=351
355,Amber Heard,512,5,https://hqdiesel.net/thumbnails.php?album=355
356,Amber Lancaster,66,1,https://hqdiesel.net/thumbnails.php?album=356
365,Miley Cyrus,1410,14,https://hqdiesel.net/thumbnails.php?album=365
378,Anna Kendrick,179,2,https://hqdiesel.net/thumbnails.php?album=378
390,Annasophia Robb,188,2,https://hqdiesel.net/thumbnails.php?album=390
392,Anne Hathaway,523,5,https://hqdiesel.net/thumbnails.php?album=392
395,Ariana Grande,665,7,https://hqdiesel.net/thumbnails.php?album=395
405,Ashley Benson,428,5,https://hqdiesel.net/thumbnails.php?album=405
407,Ashley Greene,241,3,https://hqdiesel.net/thumbnails.php?album=407
409,Ashley Tisdale,648,7,https://hqdiesel.net/thumbnails.php?album=409
414,Aubrey O'Day,25,1,https://hqdiesel.net/thumbnails.php?album=414
416,Avril Lavigne,789,8,https://hqdiesel.net/thumbnails.php?album=416
430,Dakota Fanning,225,3,https://hqdiesel.net/thumbnails.php?album=430
431,Christina Perri,35,1,https://hqdiesel.net/thumbnails.php?album=431
434,Natalie Portman,309,3,https://hqdiesel.net/thumbnails.php?album=434
437,Nina Dobrev,598,6,https://hqdiesel.net/thumbnails.php?album=437
438,Blake Lively,315,3,https://hqdiesel.net/thumbnails.php?album=438
443,Cheryl Cole,244,3,https://hqdiesel.net/thumbnails.php?album=443
445,Fergie,159,2,https://hqdiesel.net/thumbnails.php?album=445
457,Christina Aguilera,993,10,https://hqdiesel.net/thumbnails.php?album=457
463,Demi Lovato,758,8,https://hqdiesel.net/thumbnails.php?album=463
465,Heidi Montag,44,1,https://hqdiesel.net/thumbnails.php?album=465
468,Jessica Alba,1093,11,https://hqdiesel.net/thumbnails.php?album=468
473,Lea Michele,933,9,https://hqdiesel.net/thumbnails.php?album=473
478,Selena Gomez,2849,28,https://hqdiesel.net/thumbnails.php?album=478
485,Taylor Swift,1194,12,https://hqdiesel.net/thumbnails.php?album=485
498,Kristen Stewart,2310,22,https://hqdiesel.net/thumbnails.php?album=498
499,ClГ©mence PoГ©sy,248,3,https://hqdiesel.net/thumbnails.php?album=499
500,Katy Perry,709,7,https://hqdiesel.net/thumbnails.php?album=500
515,Megan Fox,500,5,https://hqdiesel.net/thumbnails.php?album=515
521,Brittney Palmer,15,1,https://hqdiesel.net/thumbnails.php?album=521
523,Brooklyn Decker,139,2,https://hqdiesel.net/thumbnails.php?album=523
526,Brie Larson,153,2,https://hqdiesel.net/thumbnails.php?album=526
528,Bryce Dallas Howard,227,3,https://hqdiesel.net/thumbnails.php?album=528
530,Carmen Electra,320,4,https://hqdiesel.net/thumbnails.php?album=530
537,Chelsea Kane,41,1,https://hqdiesel.net/thumbnails.php?album=537
542,Cher Lloyd,68,1,https://hqdiesel.net/thumbnails.php?album=542
546,Christina Milian,223,3,https://hqdiesel.net/thumbnails.php?album=546
559,Claire Danes,173,2,https://hqdiesel.net/thumbnails.php?album=559
562,Ciara,263,3,https://hqdiesel.net/thumbnails.php?album=562
566,Deborah Ann Woll,106,2,https://hqdiesel.net/thumbnails.php?album=566
572,Rita Ora,844,9,https://hqdiesel.net/thumbnails.php?album=572
573,Dita Von Teese,604,6,https://hqdiesel.net/thumbnails.php?album=573
578,Eliza Doolittle,45,1,https://hqdiesel.net/thumbnails.php?album=578
581,Zooey Deschanel,468,5,https://hqdiesel.net/thumbnails.php?album=581
584,Gwen Stefani,231,3,https://hqdiesel.net/thumbnails.php?album=584
586,Emma Stone,269,3,https://hqdiesel.net/thumbnails.php?album=586
595,Eva Longoria,564,6,https://hqdiesel.net/thumbnails.php?album=595
601,Evanna Lynch,32,1,https://hqdiesel.net/thumbnails.php?album=601
603,Nelly Furtado,220,3,https://hqdiesel.net/thumbnails.php?album=603
605,Leighton Meester,380,4,https://hqdiesel.net/thumbnails.php?album=605
610,Yvonne Strahovski,135,2,https://hqdiesel.net/thumbnails.php?album=610
612,Rachel McAdams,693,7,https://hqdiesel.net/thumbnails.php?album=612
615,Taylor Momsen,180,2,https://hqdiesel.net/thumbnails.php?album=615
627,Lucy Hale,579,6,https://hqdiesel.net/thumbnails.php?album=627
635,Eva Green,162,2,https://hqdiesel.net/thumbnails.php?album=635
639,ChlГ¶e Moretz,872,9,https://hqdiesel.net/thumbnails.php?album=639
645,Amanda Peet,73,1,https://hqdiesel.net/thumbnails.php?album=645
648,Alexa Chung,388,4,https://hqdiesel.net/thumbnails.php?album=648
651,Alexa Vega,90,1,https://hqdiesel.net/thumbnails.php?album=651
653,Alexandra Breckenridge,38,1,https://hqdiesel.net/thumbnails.php?album=653
654,Audrey Kitching,48,1,https://hqdiesel.net/thumbnails.php?album=654
657,Natalia Kills,87,1,https://hqdiesel.net/thumbnails.php?album=657
659,Lady Gaga,983,10,https://hqdiesel.net/thumbnails.php?album=659
665,Jennifer Lawrence,437,5,https://hqdiesel.net/thumbnails.php?album=665
666,Renee Olstead,90,1,https://hqdiesel.net/thumbnails.php?album=666
669,Nicki Minaj,203,2,https://hqdiesel.net/thumbnails.php?album=669
684,Charlize Theron,230,3,https://hqdiesel.net/thumbnails.php?album=684
685,Lily Collins,668,7,https://hqdiesel.net/thumbnails.php?album=685
696,Amy Winehouse,105,1,https://hqdiesel.net/thumbnails.php?album=696
698,Anna Friel,31,1,https://hqdiesel.net/thumbnails.php?album=698
700,Brea Grant,42,1,https://hqdiesel.net/thumbnails.php?album=700
701,Bella Thorne,871,9,https://hqdiesel.net/thumbnails.php?album=701
702,Britt Robertson,66,1,https://hqdiesel.net/thumbnails.php?album=702
704,Brittany Murphy,66,1,https://hqdiesel.net/thumbnails.php?album=704
705,Bridgit Mendler,146,2,https://hqdiesel.net/thumbnails.php?album=705
708,Carly Rae Jepsen,130,2,https://hqdiesel.net/thumbnails.php?album=708
715,Phoebe Tonkin,488,5,https://hqdiesel.net/thumbnails.php?album=715
718,Camilla Belle,57,1,https://hqdiesel.net/thumbnails.php?album=718
720,Candice Accola,56,1,https://hqdiesel.net/thumbnails.php?album=720
721,Carey Mulligan,206,2,https://hqdiesel.net/thumbnails.php?album=721
726,Carrie Underwood,128,2,https://hqdiesel.net/thumbnails.php?album=726
730,Christina Hendricks,129,2,https://hqdiesel.net/thumbnails.php?album=730
738,Courteney Cox,46,1,https://hqdiesel.net/thumbnails.php?album=738
740,Crystal Reed,59,1,https://hqdiesel.net/thumbnails.php?album=740
743,Sarah Wayne Callies,54,1,https://hqdiesel.net/thumbnails.php?album=743
744,Debby Ryan,142,2,https://hqdiesel.net/thumbnails.php?album=744
749,Nicola Roberts,47,1,https://hqdiesel.net/thumbnails.php?album=749
755,Heather Morris,52,1,https://hqdiesel.net/thumbnails.php?album=755
762,Marina and the Diamonds,114,2,https://hqdiesel.net/thumbnails.php?album=762
770,Kylie Minogue,645,7,https://hqdiesel.net/thumbnails.php?album=770
771,Nicole Scherzinger,245,3,https://hqdiesel.net/thumbnails.php?album=771
773,Emmanuelle Chriqui,79,1,https://hqdiesel.net/thumbnails.php?album=773
781,Emma Watson,1806,18,https://hqdiesel.net/thumbnails.php?album=781
784,Denise Richards,190,2,https://hqdiesel.net/thumbnails.php?album=784
795,Mila Kunis,268,3,https://hqdiesel.net/thumbnails.php?album=795
799,Shailene Woodley,358,4,https://hqdiesel.net/thumbnails.php?album=799
801,Stefanie Scott,418,4,https://hqdiesel.net/thumbnails.php?album=801
806,Kristen Bell,334,4,https://hqdiesel.net/thumbnails.php?album=806
808,Pixie Lott,447,5,https://hqdiesel.net/thumbnails.php?album=808
811,Ke$ha,223,3,https://hqdiesel.net/thumbnails.php?album=811
813,Victoria Beckham,129,2,https://hqdiesel.net/thumbnails.php?album=813
814,Florence Welch,123,2,https://hqdiesel.net/thumbnails.php?album=814
834,Felicity Jones,496,5,https://hqdiesel.net/thumbnails.php?album=834
837,Victoria Justice,585,6,https://hqdiesel.net/thumbnails.php?album=837
842,Maria Sharapova,66,1,https://hqdiesel.net/thumbnails.php?album=842
844,Emma Roberts,711,7,https://hqdiesel.net/thumbnails.php?album=844
846,Mandy Moore,454,5,https://hqdiesel.net/thumbnails.php?album=846
855,Cobie Smulders,58,1,https://hqdiesel.net/thumbnails.php?album=855
858,Hayden Panettiere,233,3,https://hqdiesel.net/thumbnails.php?album=858
881,Jennifer Love Hewitt,297,3,https://hqdiesel.net/thumbnails.php?album=881
885,Alice Eve,86,1,https://hqdiesel.net/thumbnails.php?album=885
887,Elizabeth Olsen,237,3,https://hqdiesel.net/thumbnails.php?album=887
888,Katie Holmes,411,4,https://hqdiesel.net/thumbnails.php?album=888
896,PenГ©lope Cruz,851,9,https://hqdiesel.net/thumbnails.php?album=896
898,Scarlett Johansson,530,6,https://hqdiesel.net/thumbnails.php?album=898
901,Kate Beckinsale,1147,11,https://hqdiesel.net/thumbnails.php?album=901
915,Rachel Bilson,185,2,https://hqdiesel.net/thumbnails.php?album=915
934,Evan Rachel Wood,278,3,https://hqdiesel.net/thumbnails.php?album=934
936,Lily Allen,209,2,https://hqdiesel.net/thumbnails.php?album=936
974,Katrina Bowden,66,1,https://hqdiesel.net/thumbnails.php?album=974
975,Holland Roden,91,1,https://hqdiesel.net/thumbnails.php?album=975
986,Kelly Brook,419,4,https://hqdiesel.net/thumbnails.php?album=986
988,Miranda Cosgrove,100,1,https://hqdiesel.net/thumbnails.php?album=988
1009,Rosie Huntington-Whiteley,954,10,https://hqdiesel.net/thumbnails.php?album=1009
1013,Paris Hilton,54,1,https://hqdiesel.net/thumbnails.php?album=1013
1016,Sophia Bush,235,3,https://hqdiesel.net/thumbnails.php?album=1016
1018,Katerina Graham,61,1,https://hqdiesel.net/thumbnails.php?album=1018
1020,Hayley Williams,139,2,https://hqdiesel.net/thumbnails.php?album=1020
1025,Celine Dion,20,1,https://hqdiesel.net/thumbnails.php?album=1025
1033,Sarah Hyland,160,2,https://hqdiesel.net/thumbnails.php?album=1033
1034,Maiara Walsh,21,1,https://hqdiesel.net/thumbnails.php?album=1034
1042,Melissa Benoist,81,1,https://hqdiesel.net/thumbnails.php?album=1042
1053,Elle Fanning,627,6,https://hqdiesel.net/thumbnails.php?album=1053
1078,Nicole Kidman,703,7,https://hqdiesel.net/thumbnails.php?album=1078
1083,Gemma Arterton,187,2,https://hqdiesel.net/thumbnails.php?album=1083
1085,Mary Elizabeth Winstead,39,1,https://hqdiesel.net/thumbnails.php?album=1085
1091,Monica Bellucci,58,1,https://hqdiesel.net/thumbnails.php?album=1091
1098,Kate Hudson,559,6,https://hqdiesel.net/thumbnails.php?album=1098
1114,Kendall Jenner,530,6,https://hqdiesel.net/thumbnails.php?album=1114
1118,Nikki Reed,239,3,https://hqdiesel.net/thumbnails.php?album=1118
1130,Sienna Miller,389,4,https://hqdiesel.net/thumbnails.php?album=1130
1137,Joanna Levesque,172,2,https://hqdiesel.net/thumbnails.php?album=1137
1139,Jennifer Morrison,114,2,https://hqdiesel.net/thumbnails.php?album=1139
1140,Maggie Grace,147,2,https://hqdiesel.net/thumbnails.php?album=1140
1144,Tulisa Contostavlos,54,1,https://hqdiesel.net/thumbnails.php?album=1144
1146,Emily Ratajkowski,631,7,https://hqdiesel.net/thumbnails.php?album=1146
1151,Elizabeth Gillies,73,1,https://hqdiesel.net/thumbnails.php?album=1151
1152,Shay Mitchell,423,5,https://hqdiesel.net/thumbnails.php?album=1152
1160,Michelle Trachtenberg,70,1,https://hqdiesel.net/thumbnails.php?album=1160
1164,Kelly Clarkson,40,1,https://hqdiesel.net/thumbnails.php?album=1164
1178,Lena Meyer-Landrum,136,2,https://hqdiesel.net/thumbnails.php?album=1178
1187,Azealia Banks,68,1,https://hqdiesel.net/thumbnails.php?album=1187
1188,Ellie Goulding,274,3,https://hqdiesel.net/thumbnails.php?album=1188
1189,Olivia Holt,215,3,https://hqdiesel.net/thumbnails.php?album=1189
1203,Becca Tobin,51,1,https://hqdiesel.net/thumbnails.php?album=1203
1206,Brittany Snow,170,2,https://hqdiesel.net/thumbnails.php?album=1206
1209,Leslie Mann,65,1,https://hqdiesel.net/thumbnails.php?album=1209
1213,Christina Applegate,12,1,https://hqdiesel.net/thumbnails.php?album=1213
1214,Katherine Heigl,211,3,https://hqdiesel.net/thumbnails.php?album=1214
1215,Jessica Chastain,362,4,https://hqdiesel.net/thumbnails.php?album=1215
1241,Zendaya Coleman,390,4,https://hqdiesel.net/thumbnails.php?album=1241
1272,Jessica Szohr,59,1,https://hqdiesel.net/thumbnails.php?album=1272
1288,Jenny McCarthy,48,1,https://hqdiesel.net/thumbnails.php?album=1288
1289,Sky Ferreira,392,4,https://hqdiesel.net/thumbnails.php?album=1289
1348,Katharine McPhee,67,1,https://hqdiesel.net/thumbnails.php?album=1348
1355,Autumn Reeser,68,1,https://hqdiesel.net/thumbnails.php?album=1355
1356,Jaimie Alexander,79,1,https://hqdiesel.net/thumbnails.php?album=1356
1358,Lauren Cohan,185,2,https://hqdiesel.net/thumbnails.php?album=1358
1374,Drew Barrymore,122,2,https://hqdiesel.net/thumbnails.php?album=1374
1429,Teresa Palmer,137,2,https://hqdiesel.net/thumbnails.php?album=1429
1467,Jasmine Villegas,50,1,https://hqdiesel.net/thumbnails.php?album=1467
1479,Olivia Wilde,399,4,https://hqdiesel.net/thumbnails.php?album=1479
1488,Lucy Lawless,42,1,https://hqdiesel.net/thumbnails.php?album=1488
1491,Nina Nesbitt,13,1,https://hqdiesel.net/thumbnails.php?album=1491
1495,Ellen Pompeo,103,1,https://hqdiesel.net/thumbnails.php?album=1495
1520,Sofia Vergara,93,1,https://hqdiesel.net/thumbnails.php?album=1520
1521,Kaley Cuoco,70,1,https://hqdiesel.net/thumbnails.php?album=1521
1531,Katheryn Winnick,77,1,https://hqdiesel.net/thumbnails.php?album=1531
1615,Saoirse Ronan,200,2,https://hqdiesel.net/thumbnails.php?album=1615
1616,Bella Heathcote,116,2,https://hqdiesel.net/thumbnails.php?album=1616
1617,Emilia Clarke,225,3,https://hqdiesel.net/thumbnails.php?album=1617
1619,January Jones,53,1,https://hqdiesel.net/thumbnails.php?album=1619
1620,Peyton R. List,434,5,https://hqdiesel.net/thumbnails.php?album=1620
1630,Sasha Pieterse,43,1,https://hqdiesel.net/thumbnails.php?album=1630
1632,Karen Elson,62,1,https://hqdiesel.net/thumbnails.php?album=1632
1648,Katie Cassidy,125,2,https://hqdiesel.net/thumbnails.php?album=1648
1693,Emily Blunt,134,2,https://hqdiesel.net/thumbnails.php?album=1693
1697,Dakota Blue Richards,25,1,https://hqdiesel.net/thumbnails.php?album=1697
1715,Reese Witherspoon,139,2,https://hqdiesel.net/thumbnails.php?album=1715
1716,Olsen Twins,9,1,https://hqdiesel.net/thumbnails.php?album=1716
1719,Iggy Azalea,326,4,https://hqdiesel.net/thumbnails.php?album=1719
1725,Olivia Munn,53,1,https://hqdiesel.net/thumbnails.php?album=1725
1746,Carly Rose Sonenclar,9,1,https://hqdiesel.net/thumbnails.php?album=1746
1760,Alice Englert,16,1,https://hqdiesel.net/thumbnails.php?album=1760
1761,Britney Spears,1788,18,https://hqdiesel.net/thumbnails.php?album=1761
1766,Kelly Rowland,42,1,https://hqdiesel.net/thumbnails.php?album=1766
1767,Diana Vickers,40,1,https://hqdiesel.net/thumbnails.php?album=1767
1793,Helena Bonham Carter,42,1,https://hqdiesel.net/thumbnails.php?album=1793
1794,Vanessa Paradis,47,1,https://hqdiesel.net/thumbnails.php?album=1794
1796,Julianne Moore,89,1,https://hqdiesel.net/thumbnails.php?album=1796
1797,Salma Hayek,81,1,https://hqdiesel.net/thumbnails.php?album=1797
1798,Eva Mendes,70,1,https://hqdiesel.net/thumbnails.php?album=1798
1799,Shakira,159,2,https://hqdiesel.net/thumbnails.php?album=1799
1800,Gwyneth Paltrow,87,1,https://hqdiesel.net/thumbnails.php?album=1800
1801,Sara Paxton,16,1,https://hqdiesel.net/thumbnails.php?album=1801
1802,Jordana Brewster,28,1,https://hqdiesel.net/thumbnails.php?album=1802
1803,Evangeline Lilly,137,2,https://hqdiesel.net/thumbnails.php?album=1803
1844,Aimee Teegarden,34,1,https://hqdiesel.net/thumbnails.php?album=1844
1848,Isla Fisher,39,1,https://hqdiesel.net/thumbnails.php?album=1848
1868,Ellen Page,133,2,https://hqdiesel.net/thumbnails.php?album=1868
1884,Emily VanCamp,59,1,https://hqdiesel.net/thumbnails.php?album=1884
1886,Diane Kruger,179,2,https://hqdiesel.net/thumbnails.php?album=1886
1888,Rosamund Pike,94,1,https://hqdiesel.net/thumbnails.php?album=1888
1891,Kat Dennings,18,1,https://hqdiesel.net/thumbnails.php?album=1891
1894,Jennette McCurdy,95,1,https://hqdiesel.net/thumbnails.php?album=1894
1903,Hilary Duff,1154,11,https://hqdiesel.net/thumbnails.php?album=1903
1904,Michelle Rodriguez,19,1,https://hqdiesel.net/thumbnails.php?album=1904
1905,Kate Bosworth,351,4,https://hqdiesel.net/thumbnails.php?album=1905
1921,Imogen Poots,93,1,https://hqdiesel.net/thumbnails.php?album=1921
1922,Arielle Kebbel,113,2,https://hqdiesel.net/thumbnails.php?album=1922
1927,Vanessa Marano,39,1,https://hqdiesel.net/thumbnails.php?album=1927
1937,Lorde,118,2,https://hqdiesel.net/thumbnails.php?album=1937
1945,Alexandra Chando,22,1,https://hqdiesel.net/thumbnails.php?album=1945
1950,Jena Malone,111,2,https://hqdiesel.net/thumbnails.php?album=1950
1958,Danielle Campbell,180,2,https://hqdiesel.net/thumbnails.php?album=1958
1959,Dakota Johnson,254,3,https://hqdiesel.net/thumbnails.php?album=1959
1962,Kerli,28,1,https://hqdiesel.net/thumbnails.php?album=1962
2050,Allison Williams,104,1,https://hqdiesel.net/thumbnails.php?album=2050
2053,Emmy Rossum,142,2,https://hqdiesel.net/thumbnails.php?album=2053
2069,Natalie Dormer,140,2,https://hqdiesel.net/thumbnails.php?album=2069
2097,Cece Frey,11,1,https://hqdiesel.net/thumbnails.php?album=2097
2112,Jennel Garcia,75,1,https://hqdiesel.net/thumbnails.php?album=2112
2123,Claire Holt,107,2,https://hqdiesel.net/thumbnails.php?album=2123
2141,Lily Loveless,10,1,https://hqdiesel.net/thumbnails.php?album=2141
2172,Maia Mitchell,46,1,https://hqdiesel.net/thumbnails.php?album=2172
2173,Maite Perroni,232,3,https://hqdiesel.net/thumbnails.php?album=2173
2174,Sophie Turner,307,3,https://hqdiesel.net/thumbnails.php?album=2174
2183,Charli XCX,358,4,https://hqdiesel.net/thumbnails.php?album=2183
2186,Olivia Thirlby,72,1,https://hqdiesel.net/thumbnails.php?album=2186
2220,Meghan Trainor,68,1,https://hqdiesel.net/thumbnails.php?album=2220
2221,Jamie Chung,70,1,https://hqdiesel.net/thumbnails.php?album=2221
2225,Genesis Rodriguez,27,1,https://hqdiesel.net/thumbnails.php?album=2225
2226,Laura Marano,138,2,https://hqdiesel.net/thumbnails.php?album=2226
2227,Annabelle Wallis,54,1,https://hqdiesel.net/thumbnails.php?album=2227
2228,Marion Cotillard,90,1,https://hqdiesel.net/thumbnails.php?album=2228
2229,Sophie Cookson,39,1,https://hqdiesel.net/thumbnails.php?album=2229
2231,Kate Moss,111,2,https://hqdiesel.net/thumbnails.php?album=2231
2232,Meghan Collison,115,2,https://hqdiesel.net/thumbnails.php?album=2232
2233,Karolina Waz,11,1,https://hqdiesel.net/thumbnails.php?album=2233
2236,Angelina Jolie,189,2,https://hqdiesel.net/thumbnails.php?album=2236
2237,Jennifer Aniston,129,2,https://hqdiesel.net/thumbnails.php?album=2237
2238,Naomi Watts,102,1,https://hqdiesel.net/thumbnails.php?album=2238
2243,Lacey Chabert,10,1,https://hqdiesel.net/thumbnails.php?album=2243
2264,Jane Levy,44,1,https://hqdiesel.net/thumbnails.php?album=2264
2265,Rose Byrne,97,1,https://hqdiesel.net/thumbnails.php?album=2265
2280,Addison Timlin,17,1,https://hqdiesel.net/thumbnails.php?album=2280
2283,Cate Blanchett,198,2,https://hqdiesel.net/thumbnails.php?album=2283
2284,ГЂstrid BergГЁs-Frisbey,51,1,https://hqdiesel.net/thumbnails.php?album=2284
2285,Gillian Jacobs,36,1,https://hqdiesel.net/thumbnails.php?album=2285
2287,Liv Tyler,91,1,https://hqdiesel.net/thumbnails.php?album=2287
2289,Kate Mara,101,1,https://hqdiesel.net/thumbnails.php?album=2289
2290,Hailee Steinfeld,373,4,https://hqdiesel.net/thumbnails.php?album=2290
2294,Mariah Carey,20,1,https://hqdiesel.net/thumbnails.php?album=2294
2299,Kim Kardashian,152,2,https://hqdiesel.net/thumbnails.php?album=2299
2300,Beth Behrs,13,1,https://hqdiesel.net/thumbnails.php?album=2300
2302,Lea Seydoux,144,2,https://hqdiesel.net/thumbnails.php?album=2302
2312,Becky G,155,2,https://hqdiesel.net/thumbnails.php?album=2312
2313,Laura Vandervoort,30,1,https://hqdiesel.net/thumbnails.php?album=2313
2322,Gina Rodriguez,81,1,https://hqdiesel.net/thumbnails.php?album=2322
2325,Lena Dunham,40,1,https://hqdiesel.net/thumbnails.php?album=2325
2328,Adele Exarchopoulos,111,2,https://hqdiesel.net/thumbnails.php?album=2328
2329,Kylie Jenner,190,2,https://hqdiesel.net/thumbnails.php?album=2329
2330,Elizabeth Banks,134,2,https://hqdiesel.net/thumbnails.php?album=2330
2333,Zoey Deutch,268,3,https://hqdiesel.net/thumbnails.php?album=2333
2336,Julianne Hough,74,1,https://hqdiesel.net/thumbnails.php?album=2336
2338,Greta Gerwig,19,1,https://hqdiesel.net/thumbnails.php?album=2338
2339,Maika Monroe,166,2,https://hqdiesel.net/thumbnails.php?album=2339
2340,Emma Fitzpatrick,7,1,https://hqdiesel.net/thumbnails.php?album=2340
2347,Freida Pinto,29,1,https://hqdiesel.net/thumbnails.php?album=2347
2348,ZoГ« Kravitz,60,1,https://hqdiesel.net/thumbnails.php?album=2348
2349,Kate Winslet,46,1,https://hqdiesel.net/thumbnails.php?album=2349
2351,Khloe Kardashian,74,1,https://hqdiesel.net/thumbnails.php?album=2351
2352,Olivia Palermo,45,1,https://hqdiesel.net/thumbnails.php?album=2352
2357,Lily James,184,2,https://hqdiesel.net/thumbnails.php?album=2357
2363,Brit Marling,117,2,https://hqdiesel.net/thumbnails.php?album=2363
2364,Banks,57,1,https://hqdiesel.net/thumbnails.php?album=2364
2377,Michelle Williams,59,1,https://hqdiesel.net/thumbnails.php?album=2377
2378,Margot Robbie,451,5,https://hqdiesel.net/thumbnails.php?album=2378
2395,Suki Waterhouse,103,1,https://hqdiesel.net/thumbnails.php?album=2395
2396,Aubrey Plaza,88,1,https://hqdiesel.net/thumbnails.php?album=2396
2397,Nicola Peltz,118,2,https://hqdiesel.net/thumbnails.php?album=2397
2398,Eleanor Tomlinson,51,1,https://hqdiesel.net/thumbnails.php?album=2398
2399,Elisha Cuthbert,15,1,https://hqdiesel.net/thumbnails.php?album=2399
2410,Taissa Farmiga,44,1,https://hqdiesel.net/thumbnails.php?album=2410
2411,Maisie Williams,227,3,https://hqdiesel.net/thumbnails.php?album=2411
2417,Willa Holland,47,1,https://hqdiesel.net/thumbnails.php?album=2417
2421,Camila Cabello,171,2,https://hqdiesel.net/thumbnails.php?album=2421
2423,Brenda Song,55,1,https://hqdiesel.net/thumbnails.php?album=2423
2429,Heidi Klum,49,1,https://hqdiesel.net/thumbnails.php?album=2429
2430,Lana Parrilla,45,1,https://hqdiesel.net/thumbnails.php?album=2430
2434,Alicia Vikander,430,5,https://hqdiesel.net/thumbnails.php?album=2434
2435,Gal Gadot,282,3,https://hqdiesel.net/thumbnails.php?album=2435
2437,Krysten Ritter,43,1,https://hqdiesel.net/thumbnails.php?album=2437
2442,Winona Ryder,53,1,https://hqdiesel.net/thumbnails.php?album=2442
2448,Gigi Hadid,535,6,https://hqdiesel.net/thumbnails.php?album=2448
2452,Jessica Lowndes,151,2,https://hqdiesel.net/thumbnails.php?album=2452
2453,Hailey Baldwin,327,4,https://hqdiesel.net/thumbnails.php?album=2453
2454,Sabrina Carpenter,531,6,https://hqdiesel.net/thumbnails.php?album=2454
2455,Sarah Paulson,95,1,https://hqdiesel.net/thumbnails.php?album=2455
2456,Zara Larsson,139,2,https://hqdiesel.net/thumbnails.php?album=2456
2459,Gillian Anderson,65,1,https://hqdiesel.net/thumbnails.php?album=2459
2467,Dua Lipa,403,4,https://hqdiesel.net/thumbnails.php?album=2467
2471,Lili Reinhart,439,5,https://hqdiesel.net/thumbnails.php?album=2471
2472,Lana Condor,173,2,https://hqdiesel.net/thumbnails.php?album=2472
2476,Camila Mendes,198,2,https://hqdiesel.net/thumbnails.php?album=2476
2477,Madison Beer,237,3,https://hqdiesel.net/thumbnails.php?album=2477
2478,Maddie Hasson,38,1,https://hqdiesel.net/thumbnails.php?album=2478
2479,Madelaine Petsch,691,7,https://hqdiesel.net/thumbnails.php?album=2479
2481,Josephine Langford,78,1,https://hqdiesel.net/thumbnails.php?album=2481
2485,Alycia Debnam-Carey,102,1,https://hqdiesel.net/thumbnails.php?album=2485
2487,Emily Bett Rickards,54,1,https://hqdiesel.net/thumbnails.php?album=2487
2496,Kiernan Shipka,190,2,https://hqdiesel.net/thumbnails.php?album=2496
2497,Lauren German,16,1,https://hqdiesel.net/thumbnails.php?album=2497
2500,Katherine Langford,111,2,https://hqdiesel.net/thumbnails.php?album=2500
2501,Madison Pettis,64,1,https://hqdiesel.net/thumbnails.php?album=2501
2502,Malin Akerman,65,1,https://hqdiesel.net/thumbnails.php?album=2502
2503,Tiera Skovbye,8,1,https://hqdiesel.net/thumbnails.php?album=2503
2504,Maria Menounos,60,1,https://hqdiesel.net/thumbnails.php?album=2504
2505,Melanie Lynskey,3,1,https://hqdiesel.net/thumbnails.php?album=2505
2506,Melissa Joan Hart,80,1,https://hqdiesel.net/thumbnails.php?album=2506
2507,Melissa Rauch,11,1,https://hqdiesel.net/thumbnails.php?album=2507
2508,Mena Suvari,143,2,https://hqdiesel.net/thumbnails.php?album=2508
2509,Michelle Dockery,68,1,https://hqdiesel.net/thumbnails.php?album=2509
2510,Michelle Pfeiffer,17,1,https://hqdiesel.net/thumbnails.php?album=2510
2511,Noah Cyrus,108,2,https://hqdiesel.net/thumbnails.php?album=2511
2512,Minka Kelly,72,1,https://hqdiesel.net/thumbnails.php?album=2512
2513,Camila Morrone,82,1,https://hqdiesel.net/thumbnails.php?album=2513
2514,Mischa Barton,273,3,https://hqdiesel.net/thumbnails.php?album=2514
2515,Natasha Bedingfield,120,2,https://hqdiesel.net/thumbnails.php?album=2515
2516,Nicole Richie,155,2,https://hqdiesel.net/thumbnails.php?album=2516
2517,Odette Annable,30,1,https://hqdiesel.net/thumbnails.php?album=2517
2518,Odeya Rush,31,1,https://hqdiesel.net/thumbnails.php?album=2518
2519,Olivia Culpo,3,1,https://hqdiesel.net/thumbnails.php?album=2519
2520,Molly C. Quinn,16,1,https://hqdiesel.net/thumbnails.php?album=2520
2521,Padma Lakshmi,34,1,https://hqdiesel.net/thumbnails.php?album=2521
2522,Paulina Rubio,32,1,https://hqdiesel.net/thumbnails.php?album=2522
2523,Paz Vega,86,1,https://hqdiesel.net/thumbnails.php?album=2523
2524,Paula Patton,28,1,https://hqdiesel.net/thumbnails.php?album=2524
2525,Piper Perabo,106,2,https://hqdiesel.net/thumbnails.php?album=2525
2526,Rosario Dawson,40,1,https://hqdiesel.net/thumbnails.php?album=2526
2527,Roxane Mesquida,20,1,https://hqdiesel.net/thumbnails.php?album=2527
2528,Rumer Willis,1,1,https://hqdiesel.net/thumbnails.php?album=2528
2529,Samantha Droke,48,1,https://hqdiesel.net/thumbnails.php?album=2529
2530,Sammi Hanratty,20,1,https://hqdiesel.net/thumbnails.php?album=2530
2531,Sandra Bullock,18,1,https://hqdiesel.net/thumbnails.php?album=2531
2532,Sarah Jessica Parker,25,1,https://hqdiesel.net/thumbnails.php?album=2532
2533,Sarah Michelle Gellar,141,2,https://hqdiesel.net/thumbnails.php?album=2533
2534,Shelley Hennig,24,1,https://hqdiesel.net/thumbnails.php?album=2534
2535,Shenae Grimes Beech,96,1,https://hqdiesel.net/thumbnails.php?album=2535
2536,Millie Bobby Brown,140,2,https://hqdiesel.net/thumbnails.php?album=2536
2537,Rebecca Black,8,1,https://hqdiesel.net/thumbnails.php?album=2537
2538,Tara Reid,102,1,https://hqdiesel.net/thumbnails.php?album=2538
2539,Taylor Schilling,62,1,https://hqdiesel.net/thumbnails.php?album=2539
2540,Torrey DeVitto,7,1,https://hqdiesel.net/thumbnails.php?album=2540
2541,Tyra Banks,14,1,https://hqdiesel.net/thumbnails.php?album=2541
2542,Uma Thurman,32,1,https://hqdiesel.net/thumbnails.php?album=2542
2543,Vera Farmiga,64,1,https://hqdiesel.net/thumbnails.php?album=2543
2544,Kelly Osbourne,77,1,https://hqdiesel.net/thumbnails.php?album=2544
2545,Kendra Wilkinson,68,1,https://hqdiesel.net/thumbnails.php?album=2545
2547,Jennifer Garner,22,1,https://hqdiesel.net/thumbnails.php?album=2547
2548,Joey King,406,4,https://hqdiesel.net/thumbnails.php?album=2548
2549,Janel Parrish,63,1,https://hqdiesel.net/thumbnails.php?album=2549
2551,Kerry Bishe,1,1,https://hqdiesel.net/thumbnails.php?album=2551
2552,Kim Raver,1,1,https://hqdiesel.net/thumbnails.php?album=2552
2553,Kimbra,11,1,https://hqdiesel.net/thumbnails.php?album=2553
2554,Kristin Chenoweth,24,1,https://hqdiesel.net/thumbnails.php?album=2554
2555,Lauren Conrad,91,1,https://hqdiesel.net/thumbnails.php?album=2555
2556,Jillian Rose Reed,16,1,https://hqdiesel.net/thumbnails.php?album=2556
2557,Lyndsy Fonseca,93,1,https://hqdiesel.net/thumbnails.php?album=2557
2559,Katherine McNamara,447,5,https://hqdiesel.net/thumbnails.php?album=2559
2560,Tatiana Maslany,49,1,https://hqdiesel.net/thumbnails.php?album=2560
2562,Anastasiya Scheglova,340,4,https://hqdiesel.net/thumbnails.php?album=2562
2563,MarГ­a Pedraza,62,1,https://hqdiesel.net/thumbnails.php?album=2563
2564,Kourtney Kardashian,35,1,https://hqdiesel.net/thumbnails.php?album=2564
2565,Skyler Samuels,46,1,https://hqdiesel.net/thumbnails.php?album=2565
2566,Soko,152,2,https://hqdiesel.net/thumbnails.php?album=2566
2567,Elisabeth Moss,119,2,https://hqdiesel.net/thumbnails.php?album=2567
2568,Sadie Sink,164,2,https://hqdiesel.net/thumbnails.php?album=2568
2569,Gemma Chan,33,1,https://hqdiesel.net/thumbnails.php?album=2569
2571,Naomi Scott,84,1,https://hqdiesel.net/thumbnails.php?album=2571
2572,Janelle Monae,44,1,https://hqdiesel.net/thumbnails.php?album=2572
2573,Billie Eilish,128,2,https://hqdiesel.net/thumbnails.php?album=2573
2577,Emma Mackey,55,1,https://hqdiesel.net/thumbnails.php?album=2577
2581,Kathryn Newton,125,2,https://hqdiesel.net/thumbnails.php?album=2581
2583,Kristine Froseth,56,1,https://hqdiesel.net/thumbnails.php?album=2583
2585,Jordyn Jones,41,1,https://hqdiesel.net/thumbnails.php?album=2585
2586,Loren Gray,34,1,https://hqdiesel.net/thumbnails.php?album=2586
2587,Freya Mavor,40,1,https://hqdiesel.net/thumbnails.php?album=2587
2589,Sydney Sweeney,267,3,https://hqdiesel.net/thumbnails.php?album=2589
2595,Katherine Waterston,67,1,https://hqdiesel.net/thumbnails.php?album=2595
2615,Perrie Edwards,23,1,https://hqdiesel.net/thumbnails.php?album=2615
2645,Melissa Roxburgh,34,1,https://hqdiesel.net/thumbnails.php?album=2645
2651,Halsey,199,2,https://hqdiesel.net/thumbnails.php?album=2651
2661,Eliza Taylor,46,1,https://hqdiesel.net/thumbnails.php?album=2661
2663,Lindsey Morgan,48,1,https://hqdiesel.net/thumbnails.php?album=2663
2665,Marie Avgeropoulos,32,1,https://hqdiesel.net/thumbnails.php?album=2665
2669,Madeline Brewer,42,1,https://hqdiesel.net/thumbnails.php?album=2669
2670,Cailee Spaeny,25,1,https://hqdiesel.net/thumbnails.php?album=2670
2671,Kalani Hilliker,7,1,https://hqdiesel.net/thumbnails.php?album=2671
2672,Priyanka Chopra,191,2,https://hqdiesel.net/thumbnails.php?album=2672
2673,Stella Hudgens,26,1,https://hqdiesel.net/thumbnails.php?album=2673
2674,Lauren Jauregui,44,1,https://hqdiesel.net/thumbnails.php?album=2674
2675,Ally Brooke,35,1,https://hqdiesel.net/thumbnails.php?album=2675
2676,Normani Kordei,87,1,https://hqdiesel.net/thumbnails.php?album=2676
2679,Haley Lu Richardson,34,1,https://hqdiesel.net/thumbnails.php?album=2679
2681,Eiza Gonzalez,184,2,https://hqdiesel.net/thumbnails.php?album=2681
2682,Ellie Bamber,62,1,https://hqdiesel.net/thumbnails.php?album=2682
2684,Meg Myers,47,1,https://hqdiesel.net/thumbnails.php?album=2684
2686,Daisy Ridley,142,2,https://hqdiesel.net/thumbnails.php?album=2686
2687,Busy Philipps,28,1,https://hqdiesel.net/thumbnails.php?album=2687
2689,Ali Larter,56,1,https://hqdiesel.net/thumbnails.php?album=2689
2693,Ariel Winter,82,1,https://hqdiesel.net/thumbnails.php?album=2693
2694,Ashley Rickards,5,1,https://hqdiesel.net/thumbnails.php?album=2694
2695,Maya Hawke,163,2,https://hqdiesel.net/thumbnails.php?album=2695
2697,Bea Miller,73,1,https://hqdiesel.net/thumbnails.php?album=2697
2698,Bonnie McKee,13,1,https://hqdiesel.net/thumbnails.php?album=2698
2701,Natalia Dyer,181,2,https://hqdiesel.net/thumbnails.php?album=2701
2707,Ursula Corbero,45,1,https://hqdiesel.net/thumbnails.php?album=2707
2710,Chloe Bennet,99,1,https://hqdiesel.net/thumbnails.php?album=2710
2715,Alexa Nisenson,4,1,https://hqdiesel.net/thumbnails.php?album=2715
2738,Florence Pugh,115,2,https://hqdiesel.net/thumbnails.php?album=2738
2740,Bebe Rexha,192,2,https://hqdiesel.net/thumbnails.php?album=2740
2815,Barbie Ferreira,24,1,https://hqdiesel.net/thumbnails.php?album=2815
2894,Christina Ricci,40,1,https://hqdiesel.net/thumbnails.php?album=2894
2912,Ester ExpГіsito,90,1,https://hqdiesel.net/thumbnails.php?album=2912
2915,Danna Paola,54,1,https://hqdiesel.net/thumbnails.php?album=2915
2918,Daniella Monet,32,1,https://hqdiesel.net/thumbnails.php?album=2918
2958,Emily Deschanel,11,1,https://hqdiesel.net/thumbnails.php?album=2958
2961,Emma Bell,2,1,https://hqdiesel.net/thumbnails.php?album=2961
2970,Erika Christensen,70,1,https://hqdiesel.net/thumbnails.php?album=2970
2972,EsmГ©e Denters,26,1,https://hqdiesel.net/thumbnails.php?album=2972
2982,Famke Janssen,48,1,https://hqdiesel.net/thumbnails.php?album=2982
2995,Genevieve Morton,59,1,https://hqdiesel.net/thumbnails.php?album=2995
3004,Gillian Zinser,13,1,https://hqdiesel.net/thumbnails.php?album=3004
3007,Ginnifer Goodwin,23,1,https://hqdiesel.net/thumbnails.php?album=3007
3010,Greer Grammer,3,1,https://hqdiesel.net/thumbnails.php?album=3010
3024,Halston Sage,127,2,https://hqdiesel.net/thumbnails.php?album=3024
3027,Hannah Simone,29,1,https://hqdiesel.net/thumbnails.php?album=3027
3029,Hayley Atwell,87,1,https://hqdiesel.net/thumbnails.php?album=3029
3031,Heather Graham,51,1,https://hqdiesel.net/thumbnails.php?album=3031
3038,Holly Madison,41,1,https://hqdiesel.net/thumbnails.php?album=3038
3044,Isabelle Fuhrman,18,1,https://hqdiesel.net/thumbnails.php?album=3044
3047,Jaime Murray,77,1,https://hqdiesel.net/thumbnails.php?album=3047
3059,Jayma Mays,16,1,https://hqdiesel.net/thumbnails.php?album=3059
3061,Jenna Dewan,38,1,https://hqdiesel.net/thumbnails.php?album=3061
3063,Jenna Fischer,30,1,https://hqdiesel.net/thumbnails.php?album=3063
3066,Jenna Ushkowitz,171,2,https://hqdiesel.net/thumbnails.php?album=3066
3079,Jessica Lucas,4,1,https://hqdiesel.net/thumbnails.php?album=3079
3081,Jessica Stroup,8,1,https://hqdiesel.net/thumbnails.php?album=3081
3086,Victoria Pedretti,28,1,https://hqdiesel.net/thumbnails.php?album=3086
3087,Anya Taylor-Joy,316,4,https://hqdiesel.net/thumbnails.php?album=3087
3091,Abigail Cowen,79,1,https://hqdiesel.net/thumbnails.php?album=3091
3092,Dove Cameron,399,4,https://hqdiesel.net/thumbnails.php?album=3092
3096,AyЕџe Hatun Г–nal,3,1,https://hqdiesel.net/thumbnails.php?album=3096
3101,Eliza Dushku,102,1,https://hqdiesel.net/thumbnails.php?album=3101
3177,Keke Palmer,81,1,https://hqdiesel.net/thumbnails.php?album=3177
3244,Anne Marie,12,1,https://hqdiesel.net/thumbnails.php?album=3244
3271,Emmanuelle Vaugier,43,1,https://hqdiesel.net/thumbnails.php?album=3271
3281,Sofia Carson,20,1,https://hqdiesel.net/thumbnails.php?album=3281
3282,Doja Cat,12,1,https://hqdiesel.net/thumbnails.php?album=3282
3292,Kim Petras,79,1,https://hqdiesel.net/thumbnails.php?album=3292
3294,Jenna Ortega,118,2,https://hqdiesel.net/thumbnails.php?album=3294
3303,Madelyn Cline,113,2,https://hqdiesel.net/thumbnails.php?album=3303
3304,Ana de Armas,210,2,https://hqdiesel.net/thumbnails.php?album=3304
3312,Nessa Barrett,17,1,https://hqdiesel.net/thumbnails.php?album=3312
3391,Simge SaДџД±n,8,1,https://hqdiesel.net/thumbnails.php?album=3391
3392,Beren Saat,47,1,https://hqdiesel.net/thumbnails.php?album=3392
3394,Charlotte McKinney,8,1,https://hqdiesel.net/thumbnails.php?album=3394
3395,Saweetie,4,1,https://hqdiesel.net/thumbnails.php?album=3395
3397,Larsen Thompson,61,1,https://hqdiesel.net/thumbnails.php?album=3397
3398,Rosalia,108,2,https://hqdiesel.net/thumbnails.php?album=3398
3399,Megan Thee Stallion,53,1,https://hqdiesel.net/thumbnails.php?album=3399
3400,Demet AkalД±n,100,1,https://hqdiesel.net/thumbnails.php?album=3400
3401,Hande ErГ§el,187,2,https://hqdiesel.net/thumbnails.php?album=3401
3406,GГјlЕџen,45,1,https://hqdiesel.net/thumbnails.php?album=3406
3415,Maddie Ziegler,13,1,https://hqdiesel.net/thumbnails.php?album=3415
3417,Samara Weaving,27,1,https://hqdiesel.net/thumbnails.php?album=3417
3424,Sofia Richie,13,1,https://hqdiesel.net/thumbnails.php?album=3424
3429,Tate McRae,24,1,https://hqdiesel.net/thumbnails.php?album=3429